<?xml version="1.0" encoding="UTF-8"?>
<mosinstall type="module" version="1.0">
	<name>SOBI2 Latest Module</name>
	<author>Sigrid and Radek Suski, Sigsiu.NET</author>
	<creationDate>January 2009</creationDate>
	<copyright>(C) 2007-2009 Sigsiu.NET All rights reserved.</copyright>
	<license>http://www.gnu.org/copyleft/gpl.html GNU/GPL</license>
	<authorEmail>sobi@sigsiu.net</authorEmail>
	<authorUrl>www.Sigsiu.NET</authorUrl>
	<version>1.8</version>
	<description>SOBI2 Latest Entries Module</description>
	<files>
		<filename module="mod_sobi2latest">mod_sobi2latest.php</filename>
		<filename>mod_sobi2latest.txt</filename>
	</files>
	<params>
		<param name="moduleclass_sfx" type="text" default="" label="Module Class Suffix" description="A suffix to be applied to the css classes of the module, this allows individual module styling." />
		<param name="moduletable" type="radio" default="0" label="Add Table Tag" description="'Yes' adds a table around the module. Needed for some templates. Joomla! 1.0 only." >
			<option value="1">Yes</option>
			<option value="0">No</option>
		</param>
		<param name="direction" type="radio" default="1" label="Item Style" description="Style of the items in the module. If 'DIV Container' is selected, the items are within separate DIV containers. Use this to show the module horizontally. Style the container view by adding the CSS class 'sobi2latest' to your template CSS file. If 'List' is selected the items are in list view.">
			<option value="1">List</option>
			<option value="0">DIV Container</option>
		</param>
		<param name="@spacer" type="spacer" default="" label="" description="" />
		<param name="count" type="text" default="5" label="Count" description="Number of items to display (default 5, min. 1)." />
		<param name="title" type="radio" default="1" label="Show Entry Title" description="Show the entry title." >
			<option value="1">Yes</option>
			<option value="0">No</option>
		</param>
		<param name="item_length" type="text" default="50" label="Title Length" description="Max. length of the title. If the title is longer, it will be shortened and three dots are added."></param>
		<param name="entryicon" type="radio" default="0" label="Show Entry Icon" description="Show the entry icon." >
			<option value="1">Yes</option>
			<option value="0">No</option>
		</param>
		<param name="entryimage" type="radio" default="0" label="Show Entry Image" description="Show the entry image." >
			<option value="1">Yes</option>
			<option value="0">No</option>
		</param>
		<param name="@spacer" type="spacer" default="" label="" description="" />
		<param name="categorydepend" type="radio" default="0" label="Category Dependant" description="If in category view, show only the items of that category." >
			<option value="1">Yes</option>
			<option value="0">No</option>
		</param>
	</params></mosinstall>
