<?xml version="1.0" encoding="utf-8"?>
<!DOCTYPE install SYSTEM "http://dev.joomla.org/xml/1.5/component-install.dtd">
<!-- $Id: sobi2_15.xml 5470 2010-08-23 08:18:21Z Sigrid Suski $ -->
<install type="component" version="1.5.0">
	<name>Sobi2</name>
	<creationDate>August 2010</creationDate>
	<author>Sigsiu.NET - Sigrid Suski and Radek Suski</author>
	<authorEmail>sobi@sigsiu.net</authorEmail>
	<authorUrl>http://www.Sigsiu.NET</authorUrl>
	<copyright>(C) 2006-2010 Sigsiu.NET GmbH. All rights reserved.</copyright>
	<license>http://www.gnu.org/licenses/gpl-2.0.html GNU/GPL version 2</license>
	<version>2.9.3.1</version>
	<description>Sobi2</description>
	<installfile>install.sobi2.php</installfile>
	<files>
		<filename>config.class.php</filename>
		<filename>form.class.php</filename>
        <filename>frontend.class.php</filename>
        <filename>payment.class.php</filename>
        <filename>sobi2.class.php</filename>
        <filename>category.class.php</filename>
        <filename>field.class.php</filename>
        <filename>axsearch.class.php</filename>
        <filename>sobi2.listing.php</filename>
        <filename>sobi2.entry.php</filename>
        <filename>sobi2.cache.class.php</filename>
        <filename>sobi2.html.php</filename>
        <filename>sobi2.php</filename>
        <filename>metadata.xml</filename>
        <filename>templates/default/sobi2.details.tmpl.php</filename>
        <filename>templates/default/sobi2.vc.tmpl.php</filename>
        <filename>templates/default/sobi2.form.tmpl.php</filename>
 		<filename>changelog.txt</filename>
        <filename>images/backgrounds/blue.gif</filename>
        <filename>images/backgrounds/brown.gif</filename>
        <filename>images/backgrounds/green.gif</filename>
        <filename>images/backgrounds/grey.gif</filename>
        <filename>images/backgrounds/pink.gif</filename>
        <filename>images/backgrounds/red.gif</filename>
        <filename>images/backgrounds/sand.gif</filename>
        <filename>images/backgrounds/stone.gif</filename>
        <filename>images/backgrounds/turkey.gif</filename>
        <filename>images/base.gif</filename>
        <filename>images/cd.gif</filename>
        <filename>images/mailerbar-single.gif</filename>
        <filename>images/mailerbar-bg.gif</filename>
        <filename>images/empty.gif</filename>
        <filename>images/feed.gif</filename>
        <filename>images/folder.gif</filename>
        <filename>images/folderopen.gif</filename>
        <filename>images/globe.gif</filename>
        <filename>images/info.png</filename>
        <filename>images/globe.png</filename>
        <filename>images/imgfolder.gif</filename>
        <filename>images/joinbottom.gif</filename>
        <filename>images/join.gif</filename>
        <filename>images/line.gif</filename>
        <filename>images/minusbottom.gif</filename>
        <filename>images/minus.gif</filename>
        <filename>images/musicfolder.gif</filename>
        <filename>images/nolines_minus.gif</filename>
        <filename>images/nolines_plus.gif</filename>
        <filename>images/page.gif</filename>
        <filename>images/paypal.jpg</filename>
        <filename>images/blank.gif</filename>
		<filename>images/spinner.gif</filename>
        <filename>images/plusbottom.gif</filename>
        <filename>images/plus.gif</filename>
        <filename>images/secimg.php</filename>
        <filename>images/question.gif</filename>
        <filename>images/trash.gif</filename>
        <filename>images/vcard.png</filename>
        <filename>includes/com_sobi2.css</filename>
        <filename>includes/tab.webfx.css</filename>
        <filename>includes/tab.class.php</filename>
        <filename>includes/rss.class.php</filename>
        <filename>includes/custom.listing.php</filename>
        <filename>includes/entry.functions.php</filename>
        <filename>includes/SigsiuTree/SigsiuTree.php</filename>
        <filename>includes/uploader/upload.class.php</filename>
        <filename>includes/dtree/api.html</filename>
        <filename>includes/dtree/dtree.js</filename>
        <filename>includes/html.php</filename>
        <filename>includes/helper.class.php</filename>
        <filename>includes/replace.ini</filename>
        <filename>includes/fsystem.class.php</filename>
        <filename>includes/string.class.php</filename>
        <filename>includes/mail.class.php</filename>
        <filename>includes/bridge/j10.php</filename>
        <filename>includes/bridge/j15.php</filename>
        <filename>includes/inc/config.ini</filename>
        <filename>includes/inc/.htaccess</filename>
        <filename>includes/inc/custom.functions.php</filename>
		<filename>includes/js/jscalendar/calendar-blue.css</filename>
		<filename>includes/js/jscalendar/calendar-blue2.css</filename>
		<filename>includes/js/jscalendar/calendar-brown.css</filename>
		<filename>includes/js/jscalendar/calendar-green.css</filename>
		<filename>includes/js/jscalendar/calendar-system.css</filename>
		<filename>includes/js/jscalendar/calendar-tas.css</filename>
		<filename>includes/js/jscalendar/calendar-win2k-1.css</filename>
		<filename>includes/js/jscalendar/calendar-win2k-2.css</filename>
		<filename>includes/js/jscalendar/calendar-win2k-cold-1.css</filename>
		<filename>includes/js/jscalendar/calendar-win2k-cold-2.css</filename>
		<filename>includes/js/jscalendar/calendar.js</filename>
		<filename>includes/js/jscalendar/lang/calendar-af.js</filename>
		<filename>includes/js/jscalendar/lang/calendar-al.js</filename>
		<filename>includes/js/jscalendar/lang/calendar-bg.js</filename>
		<filename>includes/js/jscalendar/lang/calendar-big5-utf8.js</filename>
		<filename>includes/js/jscalendar/lang/calendar-big5.js</filename>
		<filename>includes/js/jscalendar/lang/calendar-br.js</filename>
		<filename>includes/js/jscalendar/lang/calendar-ca.js</filename>
		<filename>includes/js/jscalendar/lang/calendar-cs-utf8.js</filename>
		<filename>includes/js/jscalendar/lang/calendar-cs-win.js</filename>
		<filename>includes/js/jscalendar/lang/calendar-da.js</filename>
		<filename>includes/js/jscalendar/lang/calendar-de.js</filename>
		<filename>includes/js/jscalendar/lang/calendar-du.js</filename>
		<filename>includes/js/jscalendar/lang/calendar-el.js</filename>
		<filename>includes/js/jscalendar/lang/calendar-en.js</filename>
		<filename>includes/js/jscalendar/lang/calendar-es.js</filename>
		<filename>includes/js/jscalendar/lang/calendar-fi.js</filename>
		<filename>includes/js/jscalendar/lang/calendar-fr.js</filename>
		<filename>includes/js/jscalendar/lang/calendar-he-utf8.js</filename>
		<filename>includes/js/jscalendar/lang/calendar-hr-utf8.js</filename>
		<filename>includes/js/jscalendar/lang/calendar-hr.js</filename>
		<filename>includes/js/jscalendar/lang/calendar-hu.js</filename>
		<filename>includes/js/jscalendar/lang/calendar-it.js</filename>
		<filename>includes/js/jscalendar/lang/calendar-jp.js</filename>
		<filename>includes/js/jscalendar/lang/calendar-ko-utf8.js</filename>
		<filename>includes/js/jscalendar/lang/calendar-ko.js</filename>
		<filename>includes/js/jscalendar/lang/calendar-lt-utf8.js</filename>
		<filename>includes/js/jscalendar/lang/calendar-lt.js</filename>
		<filename>includes/js/jscalendar/lang/calendar-lv.js</filename>
		<filename>includes/js/jscalendar/lang/calendar-nl.js</filename>
		<filename>includes/js/jscalendar/lang/calendar-no.js</filename>
		<filename>includes/js/jscalendar/lang/calendar-pl-utf8.js</filename>
		<filename>includes/js/jscalendar/lang/calendar-pl.js</filename>
		<filename>includes/js/jscalendar/lang/calendar-pt.js</filename>
		<filename>includes/js/jscalendar/lang/calendar-ro.js</filename>
		<filename>includes/js/jscalendar/lang/calendar-ru.js</filename>
		<filename>includes/js/jscalendar/lang/calendar-ru_win_.js</filename>
		<filename>includes/js/jscalendar/lang/calendar-si.js</filename>
		<filename>includes/js/jscalendar/lang/calendar-sk.js</filename>
		<filename>includes/js/jscalendar/lang/calendar-sp.js</filename>
		<filename>includes/js/jscalendar/lang/calendar-sv.js</filename>
		<filename>includes/js/jscalendar/lang/calendar-tr.js</filename>
		<filename>includes/js/jscalendar/lang/calendar-zh.js</filename>
		<filename>includes/js/jscalendar/lang/cn_utf8.js</filename>
        <filename>includes/js/tabpane.js</filename>
        <filename>includes/js/moo.fx.js</filename>
        <filename>includes/js/moo.fx.pack.js</filename>
        <filename>includes/js/moo.fx.slide.js</filename>
        <filename>includes/js/prototype.lite.js</filename>
        <filename>includes/js/license.txt</filename>
        <filename>includes/js/link.txt</filename>
        <filename>includes/js/tiny_mce_src.js</filename>
        <filename>includes/js/tiny_mce_popup.js</filename>
        <filename>includes/js/tiny_init.js</filename>
        <filename>includes/js/mootools.js</filename>
        <filename>includes/js/blank.htm</filename>
        <filename>includes/js/langs/german.js</filename>
        <filename>includes/js/langs/english.js</filename>
        <filename>includes/js/langs/polish.js</filename>
        <filename>includes/js/themes/advanced/editor_template.js</filename>
        <filename>includes/js/themes/advanced/editor_template_src.js</filename>
        <filename>includes/js/themes/advanced/about.htm</filename>
        <filename>includes/js/themes/advanced/anchor.htm</filename>
        <filename>includes/js/themes/advanced/charmap.htm</filename>
        <filename>includes/js/themes/advanced/color_picker.htm</filename>
        <filename>includes/js/themes/advanced/image.htm</filename>
        <filename>includes/js/themes/advanced/link.htm</filename>
        <filename>includes/js/themes/advanced/source_editor.htm</filename>
        <filename>includes/js/themes/advanced/css/editor_content.css</filename>
        <filename>includes/js/themes/advanced/css/editor_popup.css</filename>
        <filename>includes/js/themes/advanced/css/editor_ui.css</filename>
        <filename>includes/js/themes/advanced/images/anchor.gif</filename>
        <filename>includes/js/themes/advanced/images/anchor_symbol.gif</filename>
        <filename>includes/js/themes/advanced/images/backcolor.gif</filename>
        <filename>includes/js/themes/advanced/images/bold_de_se.gif</filename>
        <filename>includes/js/themes/advanced/images/bold_es.gif</filename>
        <filename>includes/js/themes/advanced/images/bold_fr.gif</filename>
        <filename>includes/js/themes/advanced/images/bold.gif</filename>
        <filename>includes/js/themes/advanced/images/bold_ru.gif</filename>
        <filename>includes/js/themes/advanced/images/bold_tw.gif</filename>
        <filename>includes/js/themes/advanced/images/browse.gif</filename>
        <filename>includes/js/themes/advanced/images/bullist.gif</filename>
        <filename>includes/js/themes/advanced/images/button_menu.gif</filename>
        <filename>includes/js/themes/advanced/images/buttons.gif</filename>
        <filename>includes/js/themes/advanced/images/cancel_button_bg.gif</filename>
        <filename>includes/js/themes/advanced/images/charmap.gif</filename>
        <filename>includes/js/themes/advanced/images/cleanup.gif</filename>
        <filename>includes/js/themes/advanced/images/close.gif</filename>
        <filename>includes/js/themes/advanced/images/code.gif</filename>
        <filename>includes/js/themes/advanced/images/color.gif</filename>
        <filename>includes/js/themes/advanced/images/copy.gif</filename>
        <filename>includes/js/themes/advanced/images/custom_1.gif</filename>
        <filename>includes/js/themes/advanced/images/cut.gif</filename>
        <filename>includes/js/themes/advanced/images/forecolor.gif</filename>
        <filename>includes/js/themes/advanced/images/help.gif</filename>
        <filename>includes/js/themes/advanced/images/hr.gif</filename>
        <filename>includes/js/themes/advanced/images/image.gif</filename>
        <filename>includes/js/themes/advanced/images/indent.gif</filename>
        <filename>includes/js/themes/advanced/images/insert_button_bg.gif</filename>
        <filename>includes/js/themes/advanced/images/italic_de_se.gif</filename>
        <filename>includes/js/themes/advanced/images/italic_es.gif</filename>
        <filename>includes/js/themes/advanced/images/italic.gif</filename>
        <filename>includes/js/themes/advanced/images/italic_ru.gif</filename>
        <filename>includes/js/themes/advanced/images/italic_tw.gif</filename>
        <filename>includes/js/themes/advanced/images/justifycenter.gif</filename>
        <filename>includes/js/themes/advanced/images/justifyfull.gif</filename>
        <filename>includes/js/themes/advanced/images/justifyleft.gif</filename>
        <filename>includes/js/themes/advanced/images/justifyright.gif</filename>
        <filename>includes/js/themes/advanced/images/link.gif</filename>
        <filename>includes/js/themes/advanced/images/menu_check.gif</filename>
        <filename>includes/js/themes/advanced/images/newdocument.gif</filename>
        <filename>includes/js/themes/advanced/images/numlist.gif</filename>
        <filename>includes/js/themes/advanced/images/opacity.png</filename>
        <filename>includes/js/themes/advanced/images/outdent.gif</filename>
        <filename>includes/js/themes/advanced/images/paste.gif</filename>
        <filename>includes/js/themes/advanced/images/redo.gif</filename>
        <filename>includes/js/themes/advanced/images/removeformat.gif</filename>
        <filename>includes/js/themes/advanced/images/separator.gif</filename>
        <filename>includes/js/themes/advanced/images/spacer.gif</filename>
        <filename>includes/js/themes/advanced/images/statusbar_resize.gif</filename>
        <filename>includes/js/themes/advanced/images/strikethrough.gif</filename>
        <filename>includes/js/themes/advanced/images/sub.gif</filename>
        <filename>includes/js/themes/advanced/images/sup.gif</filename>
        <filename>includes/js/themes/advanced/images/underline_es.gif</filename>
        <filename>includes/js/themes/advanced/images/underline_fr.gif</filename>
        <filename>includes/js/themes/advanced/images/underline.gif</filename>
        <filename>includes/js/themes/advanced/images/underline_ru.gif</filename>
        <filename>includes/js/themes/advanced/images/underline_tw.gif</filename>
        <filename>includes/js/themes/advanced/images/undo.gif</filename>
        <filename>includes/js/themes/advanced/images/unlink.gif</filename>
        <filename>includes/js/themes/advanced/images/visualaid.gif</filename>
        <filename>includes/js/themes/advanced/images/xp/tab_bg.gif</filename>
        <filename>includes/js/themes/advanced/images/xp/tab_end.gif</filename>
        <filename>includes/js/themes/advanced/images/xp/tabs_bg.gif</filename>
        <filename>includes/js/themes/advanced/images/xp/tab_sel_bg.gif</filename>
        <filename>includes/js/themes/advanced/images/xp/tab_sel_end.gif</filename>
		<filename>includes/js/themes/advanced/jscripts/about.js</filename>
		<filename>includes/js/themes/advanced/jscripts/anchor.js</filename>
		<filename>includes/js/themes/advanced/jscripts/charmap.js</filename>
		<filename>includes/js/themes/advanced/jscripts/color_picker.js</filename>
		<filename>includes/js/themes/advanced/jscripts/image.js</filename>
		<filename>includes/js/themes/advanced/jscripts/link.js</filename>
		<filename>includes/js/themes/advanced/jscripts/source_editor.js</filename>
		<filename>includes/js/themes/advanced/langs/english.js</filename>
		<filename>includes/js/themes/advanced/langs/german.js</filename>
		<filename>includes/js/themes/advanced/langs/polish.js</filename>
		<filename>includes/js/utils/form_utils.js</filename>
		<filename>includes/js/utils/mclayer.js</filename>
		<filename>includes/js/utils/mctabs.js</filename>
		<filename>includes/js/utils/validate.js</filename>
        <filename>includes/js/prototype.js</filename>
        <filename>includes/js/rico.js</filename>
        <filename>includes/js/advajax.js</filename>
		<filename>languages/english.php</filename>
		<filename>languages/default.php</filename>
		<filename>views/index.html</filename>
		<filename>plugins/index.html</filename>
	</files>
	<administration>
		<menu img="components/com_sobi2/images/sobi_sm.png">Sobi2</menu>
		<submenu>
			<menu link="option=com_sobi2&amp;task=listing&amp;catid=-1">All Entries</menu>
			<menu link="option=com_sobi2&amp;task=getUnapproved">Entries Awaiting Approval</menu>
			<menu link="option=com_sobi2&amp;task=genConf">General Configuration</menu>
			<menu link="option=com_sobi2&amp;task=editFields">Custom Fields Manager</menu>
			<menu link="option=com_sobi2&amp;task=about">About SOBI2</menu>
		</submenu>
        <files>
                <filename>admin.category.class.php</filename>
                <filename>admin.category.class.html.php</filename>
                <filename>admin.config.class.php</filename>
                <filename>admin.config.class.html.php</filename>
                <filename>admin.field.class.php</filename>
                <filename>admin.field.class.html.php</filename>
                <filename>admin.menu.class.php</filename>
                <filename>admin.sobi2.class.php</filename>
                <filename>admin.sobi2.class.html.php</filename>
                <filename>admin.sobi2.html.php</filename>
                <filename>admin.sobi2.static.html.php</filename>
                <filename>admin.sobi2.listings.html.php</filename>
                <filename>admin.sobi2.php</filename>
                <filename>admin.sobi2.listings.php</filename>
                <filename>admin.sobi2.cats.php</filename>
                <filename>admin.sobi2.fields.php</filename>
                <filename>images/base.gif</filename>
                <filename>images/twitter.gif</filename>
                <filename>images/cd.gif</filename>
                <filename>images/donate_button.png</filename>
                <filename>images/editing.png</filename>
		        <filename>images/empty.gif</filename>
                <filename>images/flags/english.gif</filename>
                <filename>images/folder.gif</filename>
                <filename>images/folderopen.gif</filename>
                <filename>images/globe.gif</filename>
                <filename>images/imgfolder.gif</filename>
                <filename>images/joinbottom.gif</filename>
                <filename>images/join.gif</filename>
                <filename>images/line.gif</filename>
                <filename>images/mail_generic.png</filename>
                <filename>images/mail_reply.png</filename>
                <filename>images/minusbottom.gif</filename>
                <filename>images/minus.gif</filename>
                <filename>images/musicfolder.gif</filename>
                <filename>images/nfo.png</filename>
                <filename>images/nfo_k.png</filename>
                <filename>images/logo-blue.jpg</filename>
                <filename>images/headerbg.png</filename>
                <filename>images/config-plugin.png</filename>
                <filename>images/cpanel.png</filename>
                <filename>images/categories.png</filename>
                <filename>images/addedit.png</filename>
                <filename>images/config-view.png</filename>
                <filename>images/config-mail.png</filename>
                <filename>images/looknfeel.png</filename>
                <filename>images/desktop.png</filename>
                <filename>images/registry.png</filename>
                <filename>images/config-language.png</filename>
                <filename>images/config-payment.png</filename>
                <filename>images/nolines_minus.gif</filename>
                <filename>images/nolines_plus.gif</filename>
                <filename>images/page.gif</filename>
                <filename>images/parent.png</filename>
                <filename>images/plusbottom.gif</filename>
                <filename>images/plus.gif</filename>
                <filename>images/progress.gif</filename>
                <filename>images/question.gif</filename>
                <filename>images/select_arrow_down.gif</filename>
                <filename>images/select_arrow.gif</filename>
                <filename>images/select_arrow_over.gif</filename>
                <filename>images/slider_handle.gif</filename>
                <filename>images/snlogo.jpg</filename>
                <filename>images/sobi_sm.png</filename>
                <filename>images/sobi2_logo150.jpg</filename>
                <filename>images/sobi2_logo150.png</filename>
                <filename>images/sobi2_logo48.jpg</filename>
                <filename>images/tab_center_active.gif</filename>
                <filename>images/tab_left_active.gif</filename>
                <filename>images/tab_left_inactive.gif</filename>
                <filename>images/tab_right_active.gif</filename>
                <filename>images/tab_right_inactive.gif</filename>
                <filename>images/trash.gif</filename>
                <filename>images/error.png</filename>
                <filename>images/intern.png</filename>
                <filename>images/notice.png</filename>
                <filename>images/warning.png</filename>
                <filename>images/monitor.png</filename>
                <filename>images/sobibox_white.png</filename>
                <filename>images/toolbar/approve.png</filename>
                <filename>images/toolbar/close.png</filename>
                <filename>images/toolbar/copy.png</filename>
                <filename>images/toolbar/edit.png</filename>
                <filename>images/toolbar/error.png</filename>
                <filename>images/toolbar/help.png</filename>
                <filename>images/toolbar/move.png</filename>
                <filename>images/toolbar/new_cat.png</filename>
                <filename>images/toolbar/new.png</filename>
                <filename>images/toolbar/publish.png</filename>
                <filename>images/toolbar/refresh.png</filename>
                <filename>images/toolbar/recount.png</filename>
                <filename>images/toolbar/remove.png</filename>
                <filename>images/toolbar/save.png</filename>
                <filename>images/toolbar/apply.png</filename>
                <filename>images/toolbar/stop.png</filename>
                <filename>images/toolbar/trash.png</filename>
                <filename>images/toolbar/unapprove.png</filename>
                <filename>images/toolbar/unpublish.png</filename>
                <filename>images/toolbar/upload.png</filename>
                <filename>images/toolbar/monitor1.png</filename>
                <filename>images/toolbar/blank.gif</filename>
                <filename>includes/lib/sobi_xmlrpc_.php</filename>
                <filename>includes/about/english.html</filename>
                <filename>includes/about/eula.html</filename>
                <filename>includes/about/about.php</filename>
                <filename>includes/advajax.js</filename>
                <filename>includes/codemirror/js/codemirror.js</filename>
                <filename>includes/codemirror/js/editor.js</filename>
                <filename>includes/codemirror/js/mirrorframe.js</filename>
                <filename>includes/codemirror/js/parsecss.js</filename>
                <filename>includes/codemirror/js/highlight.js</filename>
                <filename>includes/codemirror/js/parsedummy.js</filename>
                <filename>includes/codemirror/js/parsehtmlmixed.js</filename>
                <filename>includes/codemirror/js/parsejavascript.js</filename>
                <filename>includes/codemirror/js/parsesparql.js</filename>
                <filename>includes/codemirror/js/parsexml.js</filename>
                <filename>includes/codemirror/js/select.js</filename>
                <filename>includes/codemirror/js/stringstream.js</filename>
                <filename>includes/codemirror/js/tokenize.js</filename>
                <filename>includes/codemirror/js/tokenizejavascript.js</filename>
                <filename>includes/codemirror/js/undo.js</filename>
                <filename>includes/codemirror/js/util.js</filename>
                <filename>includes/codemirror/License.txt</filename>
                <filename>includes/codemirror/css/csscolors.css</filename>
                <filename>includes/codemirror/css/docs.css</filename>
                <filename>includes/codemirror/css/jscolors.css</filename>
                <filename>includes/codemirror/css/sparqlcolors.css</filename>
                <filename>includes/codemirror/css/xmlcolors.css</filename>
                <filename>includes/codemirror/contrib/php/js/parsephp.js</filename>
                <filename>includes/codemirror/contrib/php/js/parsephphtmlmixed.js</filename>
                <filename>includes/codemirror/contrib/php/js/tokenizephp.js</filename>
                <filename>includes/codemirror/contrib/php/index.html</filename>
                <filename>includes/codemirror/contrib/php/css/phpcolors.css</filename>
                <filename>includes/codemirror/contrib/php/License.txt</filename>
                <filename>includes/admin.sobi2.css</filename>
                <filename>includes/color_functions.js</filename>
                <filename>includes/dtree.js.php</filename>
                <filename>includes/adm.helper.class.php</filename>
                <filename>includes/adm.installer.class.php</filename>
                <filename>includes/adm.saver.class.php</filename>
                <filename>includes/adm.syscheck.class.php</filename>
                <filename>includes/install/crystalsvg.zip</filename>
                <filename>includes/install/langs.zip</filename>
                <filename>includes/stats.php</filename>
                <filename>includes/xml_domit/xml_domit_cache.php</filename>
                <filename>includes/xml_domit/xml_domit_doctor.php</filename>
                <filename>includes/xml_domit/xml_domit_getelementsbypath.php</filename>
                <filename>includes/xml_domit/xml_domit_include.php</filename>
                <filename>includes/xml_domit/xml_domit_lite_include.php</filename>
                <filename>includes/xml_domit/xml_domit_lite_parser.php</filename>
                <filename>includes/xml_domit/xml_domit_nodemaps.php</filename>
                <filename>includes/xml_domit/xml_domit_nodetools.php</filename>
                <filename>includes/xml_domit/xml_domit_parseattributes.php</filename>
                <filename>includes/xml_domit/xml_domit_parser.php</filename>
                <filename>includes/xml_domit/xml_domit_rss.php</filename>
                <filename>includes/xml_domit/xml_domit_rss_lite.php</filename>
                <filename>includes/xml_domit/xml_domit_rss_shared.php</filename>
                <filename>includes/xml_domit/xml_domit_shared.php</filename>
                <filename>includes/xml_domit/xml_domit_utilities.php</filename>
                <filename>includes/xml_domit/xml_domit_xpath.php</filename>
                <filename>includes/xml_domit/xml_saxy_lite_parser.php</filename>
                <filename>includes/xml_domit/xml_saxy_parser.php</filename>
                <filename>includes/xml_domit/xml_saxy_shared.php</filename>
                <filename>includes/xml_domit/php_file_utilities.php</filename>
				<filename>includes/xml_domit/php_http_client_generic.php</filename>
				<filename>includes/xml_domit/php_http_client_include.php</filename>
				<filename>includes/xml_domit/php_http_connector.php</filename>
				<filename>includes/xml_domit/php_http_exceptions.php</filename>
				<filename>includes/xml_domit/php_http_proxy.php</filename>
				<filename>includes/xml_domit/php_http_server_generic.php</filename>
				<filename>includes/xml_domit/php_http_server_include.php</filename>
				<filename>includes/xml_domit/php_http_status_codes.php</filename>
				<filename>includes/xml_domit/php_text_cache.php</filename>
                <filename>includes/js_color_picker_v2.css</filename>
                <filename>includes/js_color_picker_v2.js</filename>
                <filename>includes/prototype.js</filename>
                <filename>includes/rico.js</filename>
                <filename>languages/admin.english.php</filename>
                <filename>languages/admin.default.php</filename>
                <filename>languages/syscheck.default.php</filename>
                <filename>languages/syscheck.english.php</filename>
                <filename>toolbar.sobi2.html.php</filename>
                <filename>toolbar.sobi2.php</filename>
                <filename>admtoolbar.class.php</filename>
                <filename>sobi2.xml</filename>
 				<filename>changelog.txt</filename>
		        <filename>config.xml</filename>
		        <filename>elements/sobi2.php</filename>
		        <filename>plugins/index.html</filename>
            </files>
            <languages folder="languages">
				<language tag="en-GB">en-GB.com_sobi2.ini</language>
				<language tag="en-GB">en-GB.com_sobi2.menu.ini</language>
			</languages>
    </administration>
</install>
