<install version="1.5" type="plugin" group="editors">
	<name>Editor - JoomlaCK</name>
	<version>3.4.7.2</version>
	<creationDate>July 2011 </creationDate>
	<author>WebxSolution Ltd</author>
	<authorurl>http://www.webxsolution.com</authorurl>
	<license>GPL</license>
	<description>JoomlaCK  3.4.7.2 is a platform independent web based JavaScript HTML WYSIWYG Editor control.</description>
	<files>
		<filename plugin="jckeditor">jckeditor.php</filename>
		<filename>jckeditor.xml</filename>
		<folder>jckeditor</folder>
	</files>
	<languages>
	<language tag="en-GB">language/en-GB/en-GB.plg_editors_jckeditor.ini</language>
	</languages>
	
<scriptfile>install.php</scriptfile>	
	
</install>